stat,value
id,0c626542f9
uptime,6.001397064455129
os_version,10.0
RPi_revision,9000c1
Mycodo_revision,8.11.0
alembic_version,43c72773dbe8
country,US
daemon_startup_seconds,67.98818464700003
ram_use_mb,77.332
num_lcds,1
num_lcds_active,0
num_maths,1
num_maths_active,0
num_methods,1
num_methods_in_pid,0
num_setpoint_meas_in_pid,0
num_pids,1
num_pids_active,0
num_relays,1
num_sensors,1
num_sensors_active,7
num_conditionals,1
num_conditionals_active,0
num_triggers,1
num_triggers_active,2
